Name,URI,Region GSS code,Period,Sales volume,Reporting period,Average price All property types,Average price Detached houses,Average price Semi-detached houses,Average price Terraced houses,Average price Flats and maisonettes,Pivotable date
United Kingdom,http://landregistry.data.gov.uk/id/region/united-kingdom,K02000001,2000-01,,quarterly,84620,,,,,01/01/2000
United Kingdom,http://landregistry.data.gov.uk/id/region/united-kingdom,K02000001,2000-02,,quarterly,84620,,,,,01/02/2000
United Kingdom,http://landregistry.data.gov.uk/id/region/united-kingdom,K02000001,2000-03,,quarterly,84620,,,,,01/03/2000
United Kingdom,http://landregistry.data.gov.uk/id/region/united-kingdom,K02000001,2000-04,,quarterly,89230,,,,,01/04/2000
United Kingdom,http://landregistry.data.gov.uk/id/region/united-kingdom,K02000001,2000-05,,quarterly,89230,,,,,01/05/2000
United Kingdom,http://landregistry.data.gov.uk/id/region/united-kingdom,K02000001,2000-06,,quarterly,89230,,,,,01/06/2000
United Kingdom,http://landregistry.data.gov.uk/id/region/united-kingdom,K02000001,2000-07,,quarterly,90912,,,,,01/07/2000
United Kingdom,http://landregistry.data.gov.uk/id/region/united-kingdom,K02000001,2000-08,,quarterly,90912,,,,,01/08/2000
United Kingdom,http://landregistry.data.gov.uk/id/region/united-kingdom,K02000001,2000-09,,quarterly,90912,,,,,01/09/2000
United Kingdom,http://landregistry.data.gov.uk/id/region/united-kingdom,K02000001,2000-10,,quarterly,93624,,,,,01/10/2000
United Kingdom,http://landregistry.data.gov.uk/id/region/united-kingdom,K02000001,2000-11,,quarterly,93624,,,,,01/11/2000
United Kingdom,http://landregistry.data.gov.uk/id/region/united-kingdom,K02000001,2000-12,,quarterly,93624,,,,,01/12/2000
United Kingdom,http://landregistry.data.gov.uk/id/region/united-kingdom,K02000001,2001-01,,quarterly,93136,,,,,01/01/2001
United Kingdom,http://landregistry.data.gov.uk/id/region/united-kingdom,K02000001,2001-02,,quarterly,93136,,,,,01/02/2001
United Kingdom,http://landregistry.data.gov.uk/id/region/united-kingdom,K02000001,2001-03,,quarterly,93136,,,,,01/03/2001
United Kingdom,http://landregistry.data.gov.uk/id/region/united-kingdom,K02000001,2001-04,,quarterly,96499,,,,,01/04/2001
United Kingdom,http://landregistry.data.gov.uk/id/region/united-kingdom,K02000001,2001-05,,quarterly,96499,,,,,01/05/2001
United Kingdom,http://landregistry.data.gov.uk/id/region/united-kingdom,K02000001,2001-06,,quarterly,96499,,,,,01/06/2001
United Kingdom,http://landregistry.data.gov.uk/id/region/united-kingdom,K02000001,2001-07,,quarterly,99971,,,,,01/07/2001
United Kingdom,http://landregistry.data.gov.uk/id/region/united-kingdom,K02000001,2001-08,,quarterly,99971,,,,,01/08/2001
United Kingdom,http://landregistry.data.gov.uk/id/region/united-kingdom,K02000001,2001-09,,quarterly,99971,,,,,01/09/2001
United Kingdom,http://landregistry.data.gov.uk/id/region/united-kingdom,K02000001,2001-10,,quarterly,97964,,,,,01/10/2001
United Kingdom,http://landregistry.data.gov.uk/id/region/united-kingdom,K02000001,2001-11,,quarterly,97964,,,,,01/11/2001
United Kingdom,http://landregistry.data.gov.uk/id/region/united-kingdom,K02000001,2001-12,,quarterly,97964,,,,,01/12/2001
United Kingdom,http://landregistry.data.gov.uk/id/region/united-kingdom,K02000001,2002-01,,monthly,97623,,,,,01/01/2002
United Kingdom,http://landregistry.data.gov.uk/id/region/united-kingdom,K02000001,2002-02,,monthly,101164,,,,,01/02/2002
United Kingdom,http://landregistry.data.gov.uk/id/region/united-kingdom,K02000001,2002-03,,monthly,104705,,,,,01/03/2002
United Kingdom,http://landregistry.data.gov.uk/id/region/united-kingdom,K02000001,2002-04,,monthly,106121,,,,,01/04/2002
United Kingdom,http://landregistry.data.gov.uk/id/region/united-kingdom,K02000001,2002-05,,monthly,108852,,,,,01/05/2002
United Kingdom,http://landregistry.data.gov.uk/id/region/united-kingdom,K02000001,2002-06,,monthly,113304,,,,,01/06/2002
United Kingdom,http://landregistry.data.gov.uk/id/region/united-kingdom,K02000001,2002-07,,monthly,114214,,,,,01/07/2002
United Kingdom,http://landregistry.data.gov.uk/id/region/united-kingdom,K02000001,2002-08,,monthly,116743,,,,,01/08/2002
United Kingdom,http://landregistry.data.gov.uk/id/region/united-kingdom,K02000001,2002-09,,monthly,119576,,,,,01/09/2002
United Kingdom,http://landregistry.data.gov.uk/id/region/united-kingdom,K02000001,2002-10,,monthly,120486,,,,,01/10/2002
United Kingdom,http://landregistry.data.gov.uk/id/region/united-kingdom,K02000001,2002-11,,monthly,121700,,,,,01/11/2002
United Kingdom,http://landregistry.data.gov.uk/id/region/united-kingdom,K02000001,2002-12,,monthly,125747,,,,,01/12/2002
United Kingdom,http://landregistry.data.gov.uk/id/region/united-kingdom,K02000001,2003-01,,monthly,124836,,,,,01/01/2003
United Kingdom,http://landregistry.data.gov.uk/id/region/united-kingdom,K02000001,2003-02,,monthly,123521,,,,,01/02/2003
United Kingdom,http://landregistry.data.gov.uk/id/region/united-kingdom,K02000001,2003-03,,monthly,126152,,,,,01/03/2003
United Kingdom,http://landregistry.data.gov.uk/id/region/united-kingdom,K02000001,2003-04,,monthly,129186,,,,,01/04/2003
United Kingdom,http://landregistry.data.gov.uk/id/region/united-kingdom,K02000001,2003-05,,monthly,128276,,,,,01/05/2003
United Kingdom,http://landregistry.data.gov.uk/id/region/united-kingdom,K02000001,2003-06,,monthly,128579,,,,,01/06/2003
United Kingdom,http://landregistry.data.gov.uk/id/region/united-kingdom,K02000001,2003-07,,monthly,130805,,,,,01/07/2003
United Kingdom,http://landregistry.data.gov.uk/id/region/united-kingdom,K02000001,2003-08,,monthly,133132,,,,,01/08/2003
United Kingdom,http://landregistry.data.gov.uk/id/region/united-kingdom,K02000001,2003-09,,monthly,132727,,,,,01/09/2003
United Kingdom,http://landregistry.data.gov.uk/id/region/united-kingdom,K02000001,2003-10,,monthly,135054,,,,,01/10/2003
United Kingdom,http://landregistry.data.gov.uk/id/region/united-kingdom,K02000001,2003-11,,monthly,133536,,,,,01/11/2003
United Kingdom,http://landregistry.data.gov.uk/id/region/united-kingdom,K02000001,2003-12,,monthly,136167,,,,,01/12/2003
United Kingdom,http://landregistry.data.gov.uk/id/region/united-kingdom,K02000001,2004-01,,monthly,136976,,,,,01/01/2004
United Kingdom,http://landregistry.data.gov.uk/id/region/united-kingdom,K02000001,2004-02,,monthly,135661,,,,,01/02/2004
United Kingdom,http://landregistry.data.gov.uk/id/region/united-kingdom,K02000001,2004-03,,monthly,135964,,,,,01/03/2004
United Kingdom,http://landregistry.data.gov.uk/id/region/united-kingdom,K02000001,2004-04,,monthly,142135,,,,,01/04/2004
United Kingdom,http://landregistry.data.gov.uk/id/region/united-kingdom,K02000001,2004-05,,monthly,143855,,,,,01/05/2004
United Kingdom,http://landregistry.data.gov.uk/id/region/united-kingdom,K02000001,2004-06,,monthly,146384,,,,,01/06/2004
United Kingdom,http://landregistry.data.gov.uk/id/region/united-kingdom,K02000001,2004-07,,monthly,149520,,,,,01/07/2004
United Kingdom,http://landregistry.data.gov.uk/id/region/united-kingdom,K02000001,2004-08,,monthly,151240,,,,,01/08/2004
United Kingdom,http://landregistry.data.gov.uk/id/region/united-kingdom,K02000001,2004-09,,monthly,150937,,,,,01/09/2004
United Kingdom,http://landregistry.data.gov.uk/id/region/united-kingdom,K02000001,2004-10,,monthly,152050,,,,,01/10/2004
United Kingdom,http://landregistry.data.gov.uk/id/region/united-kingdom,K02000001,2004-11,,monthly,151847,,,,,01/11/2004
United Kingdom,http://landregistry.data.gov.uk/id/region/united-kingdom,K02000001,2004-12,,monthly,150734,,,,,01/12/2004
United Kingdom,http://landregistry.data.gov.uk/id/region/united-kingdom,K02000001,2005-01,65834,monthly,150633,236191,145913,119750,127018,01/01/2005
United Kingdom,http://landregistry.data.gov.uk/id/region/united-kingdom,K02000001,2005-02,67225,monthly,150488,234509,146578,119434,127046,01/02/2005
United Kingdom,http://landregistry.data.gov.uk/id/region/united-kingdom,K02000001,2005-03,81297,monthly,151723,235038,147324,120943,128372,01/03/2005
United Kingdom,http://landregistry.data.gov.uk/id/region/united-kingdom,K02000001,2005-04,97185,monthly,153880,236330,149615,122906,130545,01/04/2005
United Kingdom,http://landregistry.data.gov.uk/id/region/united-kingdom,K02000001,2005-05,97786,monthly,155533,240601,150580,124215,131826,01/05/2005
United Kingdom,http://landregistry.data.gov.uk/id/region/united-kingdom,K02000001,2005-06,111974,monthly,156767,239089,151657,126133,133124,01/06/2005
United Kingdom,http://landregistry.data.gov.uk/id/region/united-kingdom,K02000001,2005-07,117771,monthly,158786,244141,154293,127393,133758,01/07/2005
United Kingdom,http://landregistry.data.gov.uk/id/region/united-kingdom,K02000001,2005-08,114613,monthly,159431,246629,153880,128019,134530,01/08/2005
United Kingdom,http://landregistry.data.gov.uk/id/region/united-kingdom,K02000001,2005-09,117124,monthly,159183,244951,153647,128512,133820,01/09/2005
United Kingdom,http://landregistry.data.gov.uk/id/region/united-kingdom,K02000001,2005-10,108303,monthly,158865,244596,153722,127976,133529,01/10/2005
United Kingdom,http://landregistry.data.gov.uk/id/region/united-kingdom,K02000001,2005-11,111610,monthly,159337,244936,154068,128414,134133,01/11/2005
United Kingdom,http://landregistry.data.gov.uk/id/region/united-kingdom,K02000001,2005-12,122222,monthly,160209,242343,153914,129718,136871,01/12/2005
United Kingdom,http://landregistry.data.gov.uk/id/region/united-kingdom,K02000001,2006-01,88382,monthly,159970,244844,154122,129002,135909,01/01/2006
United Kingdom,http://landregistry.data.gov.uk/id/region/united-kingdom,K02000001,2006-02,90058,monthly,160231,243243,154159,129318,137211,01/02/2006
United Kingdom,http://landregistry.data.gov.uk/id/region/united-kingdom,K02000001,2006-03,118864,monthly,161531,245956,155563,130386,137740,01/03/2006
United Kingdom,http://landregistry.data.gov.uk/id/region/united-kingdom,K02000001,2006-04,110370,monthly,165042,249485,159151,133945,140314,01/04/2006
United Kingdom,http://landregistry.data.gov.uk/id/region/united-kingdom,K02000001,2006-05,121888,monthly,166606,252502,160241,134568,142780,01/05/2006
United Kingdom,http://landregistry.data.gov.uk/id/region/united-kingdom,K02000001,2006-06,146253,monthly,168184,252748,161638,136637,144114,01/06/2006
United Kingdom,http://landregistry.data.gov.uk/id/region/united-kingdom,K02000001,2006-07,134426,monthly,170604,258352,163934,139157,144386,01/07/2006
United Kingdom,http://landregistry.data.gov.uk/id/region/united-kingdom,K02000001,2006-08,141486,monthly,172037,261682,165273,139870,145759,01/08/2006
United Kingdom,http://landregistry.data.gov.uk/id/region/united-kingdom,K02000001,2006-09,137213,monthly,172738,262324,165909,140269,146869,01/09/2006
United Kingdom,http://landregistry.data.gov.uk/id/region/united-kingdom,K02000001,2006-10,133356,monthly,173750,263693,166832,141278,147609,01/10/2006
United Kingdom,http://landregistry.data.gov.uk/id/region/united-kingdom,K02000001,2006-11,135279,monthly,174644,265290,168046,142103,147708,01/11/2006
United Kingdom,http://landregistry.data.gov.uk/id/region/united-kingdom,K02000001,2006-12,142000,monthly,176819,264999,169329,144505,151264,01/12/2006
United Kingdom,http://landregistry.data.gov.uk/id/region/united-kingdom,K02000001,2007-01,101538,monthly,176758,268186,169496,144185,150639,01/01/2007
United Kingdom,http://landregistry.data.gov.uk/id/region/united-kingdom,K02000001,2007-02,99013,monthly,177261,267642,169788,144010,152704,01/02/2007
United Kingdom,http://landregistry.data.gov.uk/id/region/united-kingdom,K02000001,2007-03,123076,monthly,178636,269178,170921,146113,152908,01/03/2007
United Kingdom,http://landregistry.data.gov.uk/id/region/united-kingdom,K02000001,2007-04,112054,monthly,182243,273582,174013,149342,156410,01/04/2007
United Kingdom,http://landregistry.data.gov.uk/id/region/united-kingdom,K02000001,2007-05,125934,monthly,184330,275810,175564,150441,159937,01/05/2007
United Kingdom,http://landregistry.data.gov.uk/id/region/united-kingdom,K02000001,2007-06,145599,monthly,186348,279156,177260,152369,161353,01/06/2007
United Kingdom,http://landregistry.data.gov.uk/id/region/united-kingdom,K02000001,2007-07,134755,monthly,188691,285684,179325,153994,162554,01/07/2007
United Kingdom,http://landregistry.data.gov.uk/id/region/united-kingdom,K02000001,2007-08,144901,monthly,189786,287929,180401,155100,162878,01/08/2007
United Kingdom,http://landregistry.data.gov.uk/id/region/united-kingdom,K02000001,2007-09,114685,monthly,190032,288381,180270,154741,164251,01/09/2007
United Kingdom,http://landregistry.data.gov.uk/id/region/united-kingdom,K02000001,2007-10,119246,monthly,189589,288223,179621,154398,163837,01/10/2007
United Kingdom,http://landregistry.data.gov.uk/id/region/united-kingdom,K02000001,2007-11,118226,monthly,189489,288470,179951,153793,163900,01/11/2007
United Kingdom,http://landregistry.data.gov.uk/id/region/united-kingdom,K02000001,2007-12,95060,monthly,189193,285242,179364,154082,164472,01/12/2007
United Kingdom,http://landregistry.data.gov.uk/id/region/united-kingdom,K02000001,2008-01,67660,monthly,185782,280201,175565,150959,164580,01/01/2008
United Kingdom,http://landregistry.data.gov.uk/id/region/united-kingdom,K02000001,2008-02,71682,monthly,184185,277037,174660,149627,162953,01/02/2008
United Kingdom,http://landregistry.data.gov.uk/id/region/united-kingdom,K02000001,2008-03,69246,monthly,182845,273984,173965,149155,160801,01/03/2008
United Kingdom,http://landregistry.data.gov.uk/id/region/united-kingdom,K02000001,2008-04,74444,monthly,183148,275418,173450,149733,160963,01/04/2008
United Kingdom,http://landregistry.data.gov.uk/id/region/united-kingdom,K02000001,2008-05,77830,monthly,184267,275513,175160,150198,162696,01/05/2008
United Kingdom,http://landregistry.data.gov.uk/id/region/united-kingdom,K02000001,2008-06,70467,monthly,181831,271990,172913,148590,159875,01/06/2008
United Kingdom,http://landregistry.data.gov.uk/id/region/united-kingdom,K02000001,2008-07,62373,monthly,179845,270883,170845,146400,158188,01/07/2008
United Kingdom,http://landregistry.data.gov.uk/id/region/united-kingdom,K02000001,2008-08,57673,monthly,176092,266384,167166,143180,154671,01/08/2008
United Kingdom,http://landregistry.data.gov.uk/id/region/united-kingdom,K02000001,2008-09,49483,monthly,171660,262199,162201,139195,150878,01/09/2008
United Kingdom,http://landregistry.data.gov.uk/id/region/united-kingdom,K02000001,2008-10,53405,monthly,168177,255567,159515,136263,147979,01/10/2008
United Kingdom,http://landregistry.data.gov.uk/id/region/united-kingdom,K02000001,2008-11,43044,monthly,163447,247586,155709,132512,143378,01/11/2008
United Kingdom,http://landregistry.data.gov.uk/id/region/united-kingdom,K02000001,2008-12,46373,monthly,160954,242938,152977,131693,140291,01/12/2008
United Kingdom,http://landregistry.data.gov.uk/id/region/united-kingdom,K02000001,2009-01,31422,monthly,157234,241206,148741,126924,137752,01/01/2009
United Kingdom,http://landregistry.data.gov.uk/id/region/united-kingdom,K02000001,2009-02,31888,monthly,155417,235417,147888,125694,136740,01/02/2009
United Kingdom,http://landregistry.data.gov.uk/id/region/united-kingdom,K02000001,2009-03,41978,monthly,154452,234530,146108,125065,136442,01/03/2009
United Kingdom,http://landregistry.data.gov.uk/id/region/united-kingdom,K02000001,2009-04,45378,monthly,155852,235300,148495,126884,136051,01/04/2009
United Kingdom,http://landregistry.data.gov.uk/id/region/united-kingdom,K02000001,2009-05,52300,monthly,158004,238699,150402,128432,138356,01/05/2009
United Kingdom,http://landregistry.data.gov.uk/id/region/united-kingdom,K02000001,2009-06,60728,monthly,159561,241957,151480,130003,139122,01/06/2009
United Kingdom,http://landregistry.data.gov.uk/id/region/united-kingdom,K02000001,2009-07,71336,monthly,162423,246960,154547,132514,140355,01/07/2009
United Kingdom,http://landregistry.data.gov.uk/id/region/united-kingdom,K02000001,2009-08,65968,monthly,164025,249979,156307,133758,141096,01/08/2009
United Kingdom,http://landregistry.data.gov.uk/id/region/united-kingdom,K02000001,2009-09,66256,monthly,165314,251604,156912,134809,143313,01/09/2009
United Kingdom,http://landregistry.data.gov.uk/id/region/united-kingdom,K02000001,2009-10,74416,monthly,166425,253836,158867,135658,142741,01/10/2009
United Kingdom,http://landregistry.data.gov.uk/id/region/united-kingdom,K02000001,2009-11,69160,monthly,166986,255675,158605,136505,142999,01/11/2009
United Kingdom,http://landregistry.data.gov.uk/id/region/united-kingdom,K02000001,2009-12,87202,monthly,168082,252946,160655,138433,144066,01/12/2009
United Kingdom,http://landregistry.data.gov.uk/id/region/united-kingdom,K02000001,2010-01,41085,monthly,167469,258979,159457,136261,142338,01/01/2010
United Kingdom,http://landregistry.data.gov.uk/id/region/united-kingdom,K02000001,2010-02,47348,monthly,167888,258258,160617,136752,142407,01/02/2010
United Kingdom,http://landregistry.data.gov.uk/id/region/united-kingdom,K02000001,2010-03,58047,monthly,167878,258191,159678,136425,144189,01/03/2010
United Kingdom,http://landregistry.data.gov.uk/id/region/united-kingdom,K02000001,2010-04,59555,monthly,170028,260075,162470,138535,145456,01/04/2010
United Kingdom,http://landregistry.data.gov.uk/id/region/united-kingdom,K02000001,2010-05,59095,monthly,170846,262619,162702,139143,146061,01/05/2010
United Kingdom,http://landregistry.data.gov.uk/id/region/united-kingdom,K02000001,2010-06,70937,monthly,171689,262311,163595,140462,146799,01/06/2010
United Kingdom,http://landregistry.data.gov.uk/id/region/united-kingdom,K02000001,2010-07,76003,monthly,173427,268336,165086,141211,147180,01/07/2010
United Kingdom,http://landregistry.data.gov.uk/id/region/united-kingdom,K02000001,2010-08,69123,monthly,173417,268707,166058,140523,146679,01/08/2010
United Kingdom,http://landregistry.data.gov.uk/id/region/united-kingdom,K02000001,2010-09,64886,monthly,172972,268248,164443,140678,146900,01/09/2010
United Kingdom,http://landregistry.data.gov.uk/id/region/united-kingdom,K02000001,2010-10,66726,monthly,171045,265285,163224,138675,145117,01/10/2010
United Kingdom,http://landregistry.data.gov.uk/id/region/united-kingdom,K02000001,2010-11,63565,monthly,169013,263487,161335,136245,143631,01/11/2010
United Kingdom,http://landregistry.data.gov.uk/id/region/united-kingdom,K02000001,2010-12,63541,monthly,168703,260339,160988,136909,143845,01/12/2010
United Kingdom,http://landregistry.data.gov.uk/id/region/united-kingdom,K02000001,2011-01,42399,monthly,167300,260855,158765,134970,143346,01/01/2011
United Kingdom,http://landregistry.data.gov.uk/id/region/united-kingdom,K02000001,2011-02,44207,monthly,166415,259042,157919,134337,142769,01/02/2011
United Kingdom,http://landregistry.data.gov.uk/id/region/united-kingdom,K02000001,2011-03,52889,monthly,165649,258129,156617,133724,142713,01/03/2011
United Kingdom,http://landregistry.data.gov.uk/id/region/united-kingdom,K02000001,2011-04,57449,monthly,168218,259704,159154,136375,145543,01/04/2011
United Kingdom,http://landregistry.data.gov.uk/id/region/united-kingdom,K02000001,2011-05,55691,monthly,167470,257725,159241,135373,145040,01/05/2011
United Kingdom,http://landregistry.data.gov.uk/id/region/united-kingdom,K02000001,2011-06,65290,monthly,167753,257002,159732,136039,145077,01/06/2011
United Kingdom,http://landregistry.data.gov.uk/id/region/united-kingdom,K02000001,2011-07,70316,monthly,169866,261398,160876,137528,147675,01/07/2011
United Kingdom,http://landregistry.data.gov.uk/id/region/united-kingdom,K02000001,2011-08,72144,monthly,169968,263565,162048,137455,145046,01/08/2011
United Kingdom,http://landregistry.data.gov.uk/id/region/united-kingdom,K02000001,2011-09,71811,monthly,169544,263033,160864,137333,145316,01/09/2011
United Kingdom,http://landregistry.data.gov.uk/id/region/united-kingdom,K02000001,2011-10,65175,monthly,167673,261050,159782,135106,143274,01/10/2011
United Kingdom,http://landregistry.data.gov.uk/id/region/united-kingdom,K02000001,2011-11,67798,monthly,167757,259857,159722,134893,144974,01/11/2011
United Kingdom,http://landregistry.data.gov.uk/id/region/united-kingdom,K02000001,2011-12,70770,monthly,167048,256911,159321,135042,144095,01/12/2011
United Kingdom,http://landregistry.data.gov.uk/id/region/united-kingdom,K02000001,2012-01,49493,monthly,165908,256484,158399,133953,142151,01/01/2012
United Kingdom,http://landregistry.data.gov.uk/id/region/united-kingdom,K02000001,2012-02,50099,monthly,165457,255828,157793,134143,141034,01/02/2012
United Kingdom,http://landregistry.data.gov.uk/id/region/united-kingdom,K02000001,2012-03,69452,monthly,165947,252632,158344,135297,142999,01/03/2012
United Kingdom,http://landregistry.data.gov.uk/id/region/united-kingdom,K02000001,2012-04,50094,monthly,167854,258688,159306,135656,145481,01/04/2012
United Kingdom,http://landregistry.data.gov.uk/id/region/united-kingdom,K02000001,2012-05,59800,monthly,168395,258344,159939,136422,146107,01/05/2012
United Kingdom,http://landregistry.data.gov.uk/id/region/united-kingdom,K02000001,2012-06,68568,monthly,170049,258978,161026,139132,147312,01/06/2012
United Kingdom,http://landregistry.data.gov.uk/id/region/united-kingdom,K02000001,2012-07,66631,monthly,170701,262303,161716,138737,147598,01/07/2012
United Kingdom,http://landregistry.data.gov.uk/id/region/united-kingdom,K02000001,2012-08,73921,monthly,170902,261806,162361,139531,146690,01/08/2012
United Kingdom,http://landregistry.data.gov.uk/id/region/united-kingdom,K02000001,2012-09,60043,monthly,170295,261237,161318,138796,146935,01/09/2012
United Kingdom,http://landregistry.data.gov.uk/id/region/united-kingdom,K02000001,2012-10,66842,monthly,169090,259000,160378,137277,146820,01/10/2012
United Kingdom,http://landregistry.data.gov.uk/id/region/united-kingdom,K02000001,2012-11,72293,monthly,169227,259437,160799,137882,145538,01/11/2012
United Kingdom,http://landregistry.data.gov.uk/id/region/united-kingdom,K02000001,2012-12,63795,monthly,168843,258319,159967,137659,146086,01/12/2012
United Kingdom,http://landregistry.data.gov.uk/id/region/united-kingdom,K02000001,2013-01,49129,monthly,167716,257092,159796,135862,145176,01/01/2013
United Kingdom,http://landregistry.data.gov.uk/id/region/united-kingdom,K02000001,2013-02,50648,monthly,167682,256804,159123,136339,145327,01/02/2013
United Kingdom,http://landregistry.data.gov.uk/id/region/united-kingdom,K02000001,2013-03,62193,monthly,168681,259167,159789,136899,146369,01/03/2013
United Kingdom,http://landregistry.data.gov.uk/id/region/united-kingdom,K02000001,2013-04,58521,monthly,170335,260450,161107,138400,148799,01/04/2013
United Kingdom,http://landregistry.data.gov.uk/id/region/united-kingdom,K02000001,2013-05,75384,monthly,171234,260496,162195,139303,149967,01/05/2013
United Kingdom,http://landregistry.data.gov.uk/id/region/united-kingdom,K02000001,2013-06,75229,monthly,172655,262270,163344,141073,150741,01/06/2013
United Kingdom,http://landregistry.data.gov.uk/id/region/united-kingdom,K02000001,2013-07,82886,monthly,174592,265844,164829,142178,153218,01/07/2013
United Kingdom,http://landregistry.data.gov.uk/id/region/united-kingdom,K02000001,2013-08,89695,monthly,175982,267844,166652,143387,153718,01/08/2013
United Kingdom,http://landregistry.data.gov.uk/id/region/united-kingdom,K02000001,2013-09,79217,monthly,176098,269322,165787,143200,154614,01/09/2013
United Kingdom,http://landregistry.data.gov.uk/id/region/united-kingdom,K02000001,2013-10,88422,monthly,175378,269006,165631,141771,154123,01/10/2013
United Kingdom,http://landregistry.data.gov.uk/id/region/united-kingdom,K02000001,2013-11,95708,monthly,176352,268579,166891,142982,155243,01/11/2013
United Kingdom,http://landregistry.data.gov.uk/id/region/united-kingdom,K02000001,2013-12,90540,monthly,177971,268317,168160,144659,158479,01/12/2013
United Kingdom,http://landregistry.data.gov.uk/id/region/united-kingdom,K02000001,2014-01,75540,monthly,178182,270720,167392,144370,159722,01/01/2014
United Kingdom,http://landregistry.data.gov.uk/id/region/united-kingdom,K02000001,2014-02,74421,monthly,178921,271506,168438,145024,160105,01/02/2014
United Kingdom,http://landregistry.data.gov.uk/id/region/united-kingdom,K02000001,2014-03,78289,monthly,179537,270650,169111,145778,161382,01/03/2014
United Kingdom,http://landregistry.data.gov.uk/id/region/united-kingdom,K02000001,2014-04,82048,monthly,183532,276553,172427,149407,164991,01/04/2014
United Kingdom,http://landregistry.data.gov.uk/id/region/united-kingdom,K02000001,2014-05,90739,monthly,185476,278160,174092,151064,167752,01/05/2014
United Kingdom,http://landregistry.data.gov.uk/id/region/united-kingdom,K02000001,2014-06,93994,monthly,187077,280105,175845,152236,169426,01/06/2014
United Kingdom,http://landregistry.data.gov.uk/id/region/united-kingdom,K02000001,2014-07,97288,monthly,189709,284928,177787,154639,171422,01/07/2014
United Kingdom,http://landregistry.data.gov.uk/id/region/united-kingdom,K02000001,2014-08,101680,monthly,191932,288373,179963,156321,173448,01/08/2014
United Kingdom,http://landregistry.data.gov.uk/id/region/united-kingdom,K02000001,2014-09,90912,monthly,192138,288877,179689,156380,174245,01/09/2014
United Kingdom,http://landregistry.data.gov.uk/id/region/united-kingdom,K02000001,2014-10,100184,monthly,191855,289113,179798,155607,173923,01/10/2014
United Kingdom,http://landregistry.data.gov.uk/id/region/united-kingdom,K02000001,2014-11,86142,monthly,191209,288437,179485,154937,173004,01/11/2014
United Kingdom,http://landregistry.data.gov.uk/id/region/united-kingdom,K02000001,2014-12,88917,monthly,191669,288610,179502,155463,174054,01/12/2014
United Kingdom,http://landregistry.data.gov.uk/id/region/united-kingdom,K02000001,2015-01,66819,monthly,190665,287731,178781,154466,172120,01/01/2015
United Kingdom,http://landregistry.data.gov.uk/id/region/united-kingdom,K02000001,2015-02,67070,monthly,190827,288206,178681,154721,172211,01/02/2015
United Kingdom,http://landregistry.data.gov.uk/id/region/united-kingdom,K02000001,2015-03,77669,monthly,191537,291244,179440,154398,172814,01/03/2015
United Kingdom,http://landregistry.data.gov.uk/id/region/united-kingdom,K02000001,2015-04,75240,monthly,193225,290900,181200,157103,173968,01/04/2015
United Kingdom,http://landregistry.data.gov.uk/id/region/united-kingdom,K02000001,2015-05,86144,monthly,195313,292765,183485,158540,176820,01/05/2015
United Kingdom,http://landregistry.data.gov.uk/id/region/united-kingdom,K02000001,2015-06,96979,monthly,196802,295273,185011,160538,176467,01/06/2015
United Kingdom,http://landregistry.data.gov.uk/id/region/united-kingdom,K02000001,2015-07,106216,monthly,200142,300451,187831,162773,180567,01/07/2015
United Kingdom,http://landregistry.data.gov.uk/id/region/united-kingdom,K02000001,2015-08,96533,monthly,201973,304063,189427,164257,181747,01/08/2015
United Kingdom,http://landregistry.data.gov.uk/id/region/united-kingdom,K02000001,2015-09,94554,monthly,202389,306359,189114,164097,182638,01/09/2015
United Kingdom,http://landregistry.data.gov.uk/id/region/united-kingdom,K02000001,2015-10,104451,monthly,202664,305629,190131,164702,182108,01/10/2015
United Kingdom,http://landregistry.data.gov.uk/id/region/united-kingdom,K02000001,2015-11,93854,monthly,204223,308059,191457,165658,184151,01/11/2015
United Kingdom,http://landregistry.data.gov.uk/id/region/united-kingdom,K02000001,2015-12,94397,monthly,204920,309668,191954,166244,184535,01/12/2015
United Kingdom,http://landregistry.data.gov.uk/id/region/united-kingdom,K02000001,2016-01,70959,monthly,205464,308888,193058,166316,186070,01/01/2016
United Kingdom,http://landregistry.data.gov.uk/id/region/united-kingdom,K02000001,2016-02,75907,monthly,205555,310064,191992,166710,186328,01/02/2016
United Kingdom,http://landregistry.data.gov.uk/id/region/united-kingdom,K02000001,2016-03,138124,monthly,207667,315018,192668,167748,189784,01/03/2016
United Kingdom,http://landregistry.data.gov.uk/id/region/united-kingdom,K02000001,2016-04,63854,monthly,208443,311664,195838,170071,187786,01/04/2016
United Kingdom,http://landregistry.data.gov.uk/id/region/united-kingdom,K02000001,2016-05,72174,monthly,210872,312710,197445,172087,192744,01/05/2016
United Kingdom,http://landregistry.data.gov.uk/id/region/united-kingdom,K02000001,2016-06,88475,monthly,212887,319683,199148,173343,192478,01/06/2016
United Kingdom,http://landregistry.data.gov.uk/id/region/united-kingdom,K02000001,2016-07,93197,monthly,215127,321284,201502,175506,194913,01/07/2016
United Kingdom,http://landregistry.data.gov.uk/id/region/united-kingdom,K02000001,2016-08,94407,monthly,215145,322479,201565,175221,194503,01/08/2016
United Kingdom,http://landregistry.data.gov.uk/id/region/united-kingdom,K02000001,2016-09,91720,monthly,214816,323250,201442,174173,194350,01/09/2016
United Kingdom,http://landregistry.data.gov.uk/id/region/united-kingdom,K02000001,2016-10,85296,monthly,214107,323441,200703,172619,194540,01/10/2016
United Kingdom,http://landregistry.data.gov.uk/id/region/united-kingdom,K02000001,2016-11,88926,monthly,215113,326020,201403,173104,195545,01/11/2016
United Kingdom,http://landregistry.data.gov.uk/id/region/united-kingdom,K02000001,2016-12,94685,monthly,215500,325270,201622,174168,195784,01/12/2016
United Kingdom,http://landregistry.data.gov.uk/id/region/united-kingdom,K02000001,2017-01,68663,monthly,215243,325619,201371,173379,196013,01/01/2017
United Kingdom,http://landregistry.data.gov.uk/id/region/united-kingdom,K02000001,2017-02,71432,monthly,215697,325218,201056,173744,198126,01/02/2017
United Kingdom,http://landregistry.data.gov.uk/id/region/united-kingdom,K02000001,2017-03,89388,monthly,215236,325874,201311,173148,196252,01/03/2017
United Kingdom,http://landregistry.data.gov.uk/id/region/united-kingdom,K02000001,2017-04,75980,monthly,218642,329988,204170,176204,199988,01/04/2017
United Kingdom,http://landregistry.data.gov.uk/id/region/united-kingdom,K02000001,2017-05,83671,monthly,219954,328946,206214,177040,202657,01/05/2017
United Kingdom,http://landregistry.data.gov.uk/id/region/united-kingdom,K02000001,2017-06,101940,monthly,221833,332404,207393,179414,203274,01/06/2017
United Kingdom,http://landregistry.data.gov.uk/id/region/united-kingdom,K02000001,2017-07,92257,monthly,224719,336938,210202,181323,206314,01/07/2017
United Kingdom,http://landregistry.data.gov.uk/id/region/united-kingdom,K02000001,2017-08,98938,monthly,225738,338448,211006,183039,206014,01/08/2017
United Kingdom,http://landregistry.data.gov.uk/id/region/united-kingdom,K02000001,2017-09,94287,monthly,224895,339644,210544,181852,203916,01/09/2017
United Kingdom,http://landregistry.data.gov.uk/id/region/united-kingdom,K02000001,2017-10,92827,monthly,225092,340120,211681,181620,203418,01/10/2017
United Kingdom,http://landregistry.data.gov.uk/id/region/united-kingdom,K02000001,2017-11,92234,monthly,224453,338270,210962,181145,203535,01/11/2017
United Kingdom,http://landregistry.data.gov.uk/id/region/united-kingdom,K02000001,2017-12,91613,monthly,225330,339309,212011,182532,203174,01/12/2017
United Kingdom,http://landregistry.data.gov.uk/id/region/united-kingdom,K02000001,2018-01,68243,monthly,224544,339693,211153,180114,204664,01/01/2018
United Kingdom,http://landregistry.data.gov.uk/id/region/united-kingdom,K02000001,2018-02,69000,monthly,225131,341648,211191,180931,204539,01/02/2018
United Kingdom,http://landregistry.data.gov.uk/id/region/united-kingdom,K02000001,2018-03,81851,monthly,223772,339364,210734,180601,201236,01/03/2018
United Kingdom,http://landregistry.data.gov.uk/id/region/united-kingdom,K02000001,2018-04,71864,monthly,225910,340713,212988,182903,203360,01/04/2018
United Kingdom,http://landregistry.data.gov.uk/id/region/united-kingdom,K02000001,2018-05,81587,monthly,226834,342550,213842,183523,204081,01/05/2018
United Kingdom,http://landregistry.data.gov.uk/id/region/united-kingdom,K02000001,2018-06,96021,monthly,228355,343977,215937,184302,205940,01/06/2018
United Kingdom,http://landregistry.data.gov.uk/id/region/united-kingdom,K02000001,2018-07,89224,monthly,231187,350350,217959,186849,207383,01/07/2018
United Kingdom,http://landregistry.data.gov.uk/id/region/united-kingdom,K02000001,2018-08,102001,monthly,231898,350964,218970,187871,207243,01/08/2018
United Kingdom,http://landregistry.data.gov.uk/id/region/united-kingdom,K02000001,2018-09,83602,monthly,231454,351794,218879,187079,206000,01/09/2018
United Kingdom,http://landregistry.data.gov.uk/id/region/united-kingdom,K02000001,2018-10,92636,monthly,231211,351859,218698,186499,205987,01/10/2018
United Kingdom,http://landregistry.data.gov.uk/id/region/united-kingdom,K02000001,2018-11,99027,monthly,230224,350089,217983,186139,204365,01/11/2018
United Kingdom,http://landregistry.data.gov.uk/id/region/united-kingdom,K02000001,2018-12,83837,monthly,229729,347744,217796,185429,205194,01/12/2018
United Kingdom,http://landregistry.data.gov.uk/id/region/united-kingdom,K02000001,2019-01,65597,monthly,228314,349197,216342,183361,202876,01/01/2019
United Kingdom,http://landregistry.data.gov.uk/id/region/united-kingdom,K02000001,2019-02,67756,monthly,227738,347442,215763,183453,202169,01/02/2019
United Kingdom,http://landregistry.data.gov.uk/id/region/united-kingdom,K02000001,2019-03,78955,monthly,227104,345433,215930,183158,201004,01/03/2019
United Kingdom,http://landregistry.data.gov.uk/id/region/united-kingdom,K02000001,2019-04,73561,monthly,228749,346829,217063,185385,202435,01/04/2019
United Kingdom,http://landregistry.data.gov.uk/id/region/united-kingdom,K02000001,2019-05,82426,monthly,229061,346711,217808,186135,201761,01/05/2019
United Kingdom,http://landregistry.data.gov.uk/id/region/united-kingdom,K02000001,2019-06,84287,monthly,230049,347564,218676,186272,204271,01/06/2019
United Kingdom,http://landregistry.data.gov.uk/id/region/united-kingdom,K02000001,2019-07,89176,monthly,232618,352091,220307,188616,206741,01/07/2019
United Kingdom,http://landregistry.data.gov.uk/id/region/united-kingdom,K02000001,2019-08,95774,monthly,233366,354368,221347,190139,204645,01/08/2019
United Kingdom,http://landregistry.data.gov.uk/id/region/united-kingdom,K02000001,2019-09,84025,monthly,233536,353533,220738,189845,207337,01/09/2019
United Kingdom,http://landregistry.data.gov.uk/id/region/united-kingdom,K02000001,2019-10,90625,monthly,232919,353056,222425,188568,204632,01/10/2019
United Kingdom,http://landregistry.data.gov.uk/id/region/united-kingdom,K02000001,2019-11,93439,monthly,232096,353238,221613,188208,202398,01/11/2019
United Kingdom,http://landregistry.data.gov.uk/id/region/united-kingdom,K02000001,2019-12,84958,monthly,231792,351118,220545,188460,203611,01/12/2019
United Kingdom,http://landregistry.data.gov.uk/id/region/united-kingdom,K02000001,2020-01,68585,monthly,231940,352477,221106,187760,203628,01/01/2020
United Kingdom,http://landregistry.data.gov.uk/id/region/united-kingdom,K02000001,2020-02,67463,monthly,230609,351042,219734,187607,200659,01/02/2020
United Kingdom,http://landregistry.data.gov.uk/id/region/united-kingdom,K02000001,2020-03,69201,monthly,232684,353711,221427,188734,204144,01/03/2020
United Kingdom,http://landregistry.data.gov.uk/id/region/united-kingdom,K02000001,2020-04,28356,monthly,230318,352980,219183,187217,199179,01/04/2020
United Kingdom,http://landregistry.data.gov.uk/id/region/united-kingdom,K02000001,2020-05,36380,monthly,231508,351884,221063,187513,202515,01/05/2020
United Kingdom,http://landregistry.data.gov.uk/id/region/united-kingdom,K02000001,2020-06,53436,monthly,234703,354822,224209,191724,204095,01/06/2020
United Kingdom,http://landregistry.data.gov.uk/id/region/united-kingdom,K02000001,2020-07,63981,monthly,236687,359580,225782,192521,206198,01/07/2020
United Kingdom,http://landregistry.data.gov.uk/id/region/united-kingdom,K02000001,2020-08,67744,monthly,238998,364046,228834,194722,205788,01/08/2020
United Kingdom,http://landregistry.data.gov.uk/id/region/united-kingdom,K02000001,2020-09,78108,monthly,241541,368665,230230,196787,208846,01/09/2020
United Kingdom,http://landregistry.data.gov.uk/id/region/united-kingdom,K02000001,2020-10,97887,monthly,243576,372931,232383,198997,208547,01/10/2020
United Kingdom,http://landregistry.data.gov.uk/id/region/united-kingdom,K02000001,2020-11,94969,monthly,246220,376486,234676,201446,211053,01/11/2020
United Kingdom,http://landregistry.data.gov.uk/id/region/united-kingdom,K02000001,2020-12,101129,monthly,248195,379903,236813,203585,211281,01/12/2020
United Kingdom,http://landregistry.data.gov.uk/id/region/united-kingdom,K02000001,2021-01,74488,monthly,250249,384555,239254,203931,213311,01/01/2021
United Kingdom,http://landregistry.data.gov.uk/id/region/united-kingdom,K02000001,2021-02,89700,monthly,250636,386434,239872,205141,210836,01/02/2021
United Kingdom,http://landregistry.data.gov.uk/id/region/united-kingdom,K02000001,2021-03,124765,monthly,254103,389771,243036,208484,214757,01/03/2021
United Kingdom,http://landregistry.data.gov.uk/id/region/united-kingdom,K02000001,2021-04,79964,monthly,251301,387522,239706,205362,212991,01/04/2021
United Kingdom,http://landregistry.data.gov.uk/id/region/united-kingdom,K02000001,2021-05,70626,monthly,253408,391886,242587,206768,213181,01/05/2021
United Kingdom,http://landregistry.data.gov.uk/id/region/united-kingdom,K02000001,2021-06,121317,monthly,266463,411672,254583,220177,220835,01/06/2021
United Kingdom,http://landregistry.data.gov.uk/id/region/united-kingdom,K02000001,2021-07,36836,monthly,254554,392276,243603,205569,218817,01/07/2021
United Kingdom,http://landregistry.data.gov.uk/id/region/united-kingdom,K02000001,2021-08,40528,monthly,263379,409487,253179,213762,220230,01/08/2021
United Kingdom,http://landregistry.data.gov.uk/id/region/united-kingdom,K02000001,2021-09,,monthly,271368,421975,260803,222906,222760,01/09/2021
United Kingdom,http://landregistry.data.gov.uk/id/region/united-kingdom,K02000001,2021-10,,monthly,268349,425121,256537,216481,222381,01/10/2021